user_id,user_name,user_nickname,chat_id
216912106,Darya,daryaafro,216912106
243512703,Vlada,tobevlada,243512703
418950090,Demchenkova,kdemchenkova,418950090
424904828,Ilya,Steelijah,424904828
428907385,Barb,barba_arx,428907385
434175961,Заур,Zer_Fisher,434175961
443949571,Евгения,Ev_Konstantinova,443949571
515085566,Ole4ka,Ol_Viktorovnaaa,515085566
621540798,Крис,kivamoo,621540798
622262623,ачпочмак,ne_ver_thland,622262623
646815928,_Elena_,E_elenauvarova_E,646815928
650551234,Sofia,Sofoochaa,650551234
698305766,Катерина 🤍,kotyamo,698305766
821947090,Никита,andriyashmedical,821947090
928718140,Любовь,lyubovlaw,928718140
932495387,Алена,alen_nad,932495387
975651140,lero lero,exidghaw,975651140
981521534,A L I N A,alinulyab,981521534
993379232,Yana,Ya_Yana555,993379232
1036656944,Anyaaa,supshawtty,1036656944
1267408309,Ksu,ksushaGasich,1267408309
1370987455,Дарья,tongrrray,1370987455
1586753153,Natalja,NatalyBrehorst,1586753153
5912447520,Nastya,StasyaShch,5912447520
213055368,problem_hunter,,213055368
235743175,pizzablastbeat,,235743175
237997924,Анечка🙂,,237997924
260948099,Ekaterina,,260948099
332563020,Elizaveta_Che,,332563020
476964520,leaveanaalone,,476964520
556320996,mannangelina,,556320996
669201758,IlyaBetsukeli,,669201758
690695608,Виктория🤍,,690695608
747694214,ssupersonikk,,747694214
754186518,andrei_m7,,754186518
774881308,natashtrudel,,774881308
830613793,lanseriya,,830613793
876213274,migliore00,,876213274
881531758,Dmitrrrrrrrrrrrrrrrrrrrrrrrrrrry,,881531758
1017184260,GalkinaTatiana,,1017184260
1071347774,ViajerodeRusia,,1071347774
1205167540,armchk,,1205167540
1232203218,Жанна,,1232203218
1236605869,Valeria,,1236605869
1678487702,Tatjana,,1678487702
